hash,GameName,characters,nameError,date
8724546505,Dark Souls III,Brooklyn,CWЖX:648,1711-04-10
11862222348,Mafia: Definitive Edition,Mila,TИVN:558,1020-11-13
6831290156,Ghost of Tsushima,Alex,КJДS:473,1825-08-22
7179434626,Kingdom Hearts III,Liam,XАRN:696,1858-07-17
10918350750,Sekiro: Shadows Die Twice,Ruby,ЩCЬЬ:441,1749-10-13
10487911004,Middle-earth: Shadow of War,Camila,KЮWR:574,1617-05-16
5845261274,Overwatch,Sophia,UALП:446,1212-02-03
8422745454,Middle-earth: Shadow of War,Julian,KHАИ:916,1847-04-04
4121824048,NBA 2K21,Lily,ПААП:857,1474-07-26
7485541628,Civilization VI,Grace,УБСГ:907,1322-02-21
12479486190,Crash Bandicoot 4: It's About Time,Lucas,УNДЪ:520,1370-10-04
12000237481,Tom Clancy's The Division,Brooklyn,RMЧК:72,1213-10-14
2974295000,Sims 4,Elijah,SOРV:944,1816-10-05
10606860961,The Witcher 3: Wild Hunt,Sophie,SWFJ:302,1786-01-22
5396043738,Metro Exodus,Claire,GЛШV:753,1356-07-18
11140291896,Monster Hunter: World,Jacob,FААO:233,1553-09-19
9117455538,Resident Evil Village,Jack,XРЪF:332,1218-03-23
7171584914,Resident Evil 2,Emily,ЮXJA:732,1286-01-10
4883257936,Overwatch,Grace,MЧUЮ:328,1449-02-08
7355785669,Halo 5: Guardians,Harper,ЭLВD:939,1634-05-17
7152929863,Cyberpunk 2077,Liam,NBНS:554,1466-11-27
8492518902,Doom Eternal,Aubrey,ZЕЬЬ:148,1077-01-05
7638829322,Elder Scrolls Online,Caleb,TEТС:635,1651-06-14
6696945777,Resident Evil 2,Aaron,БАЧО:553,1120-11-25
10780598534,Tom Clancy's The Division,Aaron,ЙNСП:261,1174-08-15
11189947972,The Elder Scrolls V: Skyrim,Peyton,ББXH:545,1341-02-28
7081595137,Overwatch,Amelia,АЪHZ:615,0942-07-11
13083434427,Crash Bandicoot 4: It's About Time,Jacob,YЙОЯ:878,1956-05-08
10450175679,Ghost of Tsushima,Charlotte,ЯJXX:550,1807-05-21
3287766042,FIFA 20,Henry,ГАХE:300,1446-03-23
8973109277,Grand Theft Auto V,Claire,ЛJGШ:322,1121-06-03
4905113543,Titanfall 2,James,ЫНKБ:556,1489-01-14
5783991528,God of War,Gabriel,ЖUHJ:50,1431-09-22
12430881728,Mafia: Definitive Edition,Zoey,ZМPB:864,1507-10-01
13506899628,Wolfenstein II: The New Colossus,William,CПDS:674,1252-03-09
4793444173,God of War,Chloe,СJВU:131,1585-05-16
7974792161,Doom Eternal,Scarlett,DRРЙ:409,1441-04-10
6531178588,Death Stranding,John,ФAXY:866,0900-07-06
3255186473,Elden Ring,Zoe,LЙРЮ:439,1001-05-01
3033958918,Outriders,Alex,GOДС:103,1355-11-26
3665259677,FIFA 20,Sadie,XНAЯ:582,1610-12-25
5321601696,Resident Evil 3,Peyton,ЪWЛI:31,1936-04-17
8379728275,Ghost of Tsushima,Oliver,ЦШПП:957,1110-01-08
5326915454,Overwatch,James,MXРТ:236,1240-12-18
6064347895,StarCraft II,Liam,ЩНЫC:895,1405-07-15
3946304012,God of War,Evelyn,QМZY:716,1701-09-19
7243946871,Overwatch,Brooklyn,ЕFЩГ:872,1901-06-21
12217484049,Assassin's Creed Valhalla,Evelyn,ЮНЫZ:124,1140-03-23
10791731146,Assassin's Creed Odyssey,Harper,YФOO:656,2001-04-12
4662721825,The Medium,Grace,ЮCTЦ:913,1429-09-28
5905922103,Rocket League,Levi,KБХN:544,1409-06-08
3940946824,Dying Light,Hazel,БOОB:852,1099-01-15
7340330316,The Witcher 3: Wild Hunt,Mia,WWDХ:836,1088-06-03
7382008415,Death Stranding,Daniel,LMНK:559,1979-06-08
7734298276,Devil May Cry 5,Henry,ДPRN:400,1374-08-17
6437933556,Among Us,Samantha,РАЙQ:59,0933-02-09
9408294879,Final Fantasy XV,Julian,ЬOUЬ:790,1328-05-05
7985085678,Need for Speed: Heat,David,TIДQ:392,1428-04-22
10232579445,Uncharted 4: A Thief's End,Liam,HЖCY:675,1046-04-28
7080811862,Mass Effect 3,Elijah,ЮАБY:652,1680-04-22
6406066378,StarCraft II,Charles,СЗШЭ:436,1163-11-19
3600848973,Elden Ring,Jack,JKЭB:943,0940-10-26
12953250757,Mafia: Definitive Edition,Amelia,VЯШК:808,1538-05-08
5262443274,Hitman 3,Stella,ВHCT:49,1249-12-10
4061719064,F1 2020,Elizabeth,RНAY:955,2012-06-05
6663882672,NHL 21,Charlotte,SSPА:927,1875-01-19
4931082941,Madden NFL 21,James,ZBРЗ:429,1081-07-05
7049045798,Mass Effect 3,William,ЦVПC:431,2011-01-22
7687888746,Final Fantasy XV,Sophia,НЮЪY:950,1615-06-06
4979666186,Overwatch,Jack,JLКК:25,0933-06-07
7867080840,Civilization VI,Jacob,ЭЗБО:703,1305-12-04
6787894819,Madden NFL 21,Samuel,АOРW:309,1179-07-16
14064128587,Call of Duty: Modern Warfare,Scarlett,РWHR:837,1870-10-27
7373152829,The Division 2,Luna,ЙРЯY:881,1275-08-25
5919351329,Cyberpunk 2077,Levi,ЛIEД:653,1607-03-28
13886769533,Wolfenstein II: The New Colossus,Hannah,УЙШЫ:132,1311-04-10
3490052399,FIFA 20,Owen,БFЙФ:650,1018-02-06
9210644818,Shadow of the Tomb Raider,Aria,РЫОF:207,1304-06-06
6773327045,Cyberpunk 2077,Emily,QПEB:39,1141-04-10
7262878197,Death Stranding,Lucas,ВМЪД:689,1051-04-13
7412433682,The Outer Worlds,Jacob,АЯРТ:346,1160-10-26
4516061237,Far Cry 5,Michael,UОGW:648,1792-08-04
6849762346,Bioshock Infinite,Zoe,SKЕМ:137,1538-04-28
3656601710,Among Us,Mason,ЪКGЙ:654,1039-12-03
16133135533,The Legend of Zelda: Breath of the Wild,Aria,ГDPJ:735,1931-10-19
12344822828,Star Wars Jedi: Fallen Order,Benjamin,QЗKZ:629,1472-04-01
11531882889,Uncharted 4: A Thief's End,Michael,HJРI:78,1621-11-18
8034736923,Mortal Kombat 11,Elijah,АЫШM:374,1320-01-11
8514096977,Hogwarts Legacy,Samuel,УЬAV:779,1938-05-05
3071843773,Sims 4,Justin,ФTБЫ:796,1442-03-20
14230559332,Hellblade: Senua's Sacrifice,James,ЖOЧF:99,1636-05-09
12738037760,Uncharted 4: A Thief's End,Justin,ССOИ:964,1543-03-07
9390874123,The Witcher 3: Wild Hunt,Caleb,СHФB:941,1985-12-21
4986506752,Far Cry 5,Scarlett,ЖХTB:167,1736-02-13
10705693671,Final Fantasy VII Remake,Ruby,ЗЮАE:909,1760-06-26
9825780671,Middle-earth: Shadow of War,Ethan,FKЭХ:302,0952-08-04
12797497117,Crash Bandicoot 4: It's About Time,Harper,ДPPД:59,1295-04-16
11020710202,Rainbow Six Siege,Natalie,ЛTWS:707,1969-05-08
11653651794,Crash Bandicoot 4: It's About Time,Mila,HПЪT:693,1584-04-22
3547469853,NBA 2K21,Tyler,РDIT:161,1407-02-09
5381360264,Borderlands 3,Samuel,MУKI:289,1560-01-07
5714469015,Terraria,Sofia,FУVД:586,1652-02-07
3018540521,Outer Wilds,Mia,IДФD:348,0936-10-22
4154592997,Minecraft,Aria,УКШX:211,1233-01-09
7088793125,Devil May Cry 5,Layla,ВФЮO:671,1560-07-25
9641131977,Stardew Valley,Elizabeth,AWПР:705,1350-03-26
17506749733,Metal Gear Solid V: The Phantom Pain,Hannah,ФZФС:173,1121-03-22
8124356033,Stardew Valley,Scarlett,БПUJ:772,1864-07-06
7032499442,Resident Evil 2,Eleanor,ARJS:640,1740-07-01
5064199397,Minecraft,Matthew,UMЛИ:321,1606-07-19
4836367077,Fallout 4,Emily,XJЯV:293,1663-10-18
13070276863,Crash Bandicoot 4: It's About Time,Owen,RЧГN:674,1648-04-05
11849724283,The Elder Scrolls V: Skyrim,Grace,ОЩЖА:795,0938-08-05
11383434203,Shadow of the Tomb Raider,Harper,ЭDGY:588,1047-09-27
13070276863,Crash Bandicoot 4: It's About Time,Owen,ШEГO:267,1708-05-03
6988687051,Halo 5: Guardians,Emma,WJAI:238,1237-12-11
4139461054,The Medium,Zoe,ЫTЬR:807,0934-05-06
6256053554,Street Fighter V,Ella,РYАP:584,1310-09-16
3807022786,Among Us,Lucas,VFРC:487,1889-07-11
6374154404,Resident Evil 2,Lily,ПGCB:770,1447-12-06
5143937820,Hitman 3,Sophia,ЭHРН:620,0921-06-17
2669119982,Far Cry 4,Julia,EWXU:87,1200-09-16
6100394133,Borderlands 3,Avery,ЪЪОS:943,1016-04-02
5562712824,Battlefield V,Evelyn,IDЖЛ:614,1315-02-06
3772282196,Fortnite,Samuel,RУЬЙ:770,1486-01-08
10098015645,Elder Scrolls Online,Amelia,ЩЪЛЖ:903,1094-10-04
7228619453,Luigi's Mansion 3,Evelyn,ЪGИК:525,1627-04-28
6081368506,StarCraft II,Noah,UEДЗ:465,1877-09-15
11981103729,Mafia: Definitive Edition,Ella,OWBЬ:96,1730-09-18
4342434009,Madden NFL 21,Zoe,ВЯИЪ:739,1044-02-03
11067222749,Grand Theft Auto V,Samantha,ЕУЦS:123,1099-07-23
8983543200,Luigi's Mansion 3,Sophia,ЯWЫF:180,1264-05-19
2961071206,Control,Nora,QTЛН:221,0962-10-21
5100732249,Fallout 4,Emma,РRЧE:686,1879-08-28
17014227453,Metal Gear Solid V: The Phantom Pain,Avery,МСNВ:598,1517-02-26
9504091850,Mortal Kombat 11,Alexander,ПШEA:85,2023-04-03
5719505174,Destiny 2,Victoria,БQJS:436,0917-06-14
4050229959,NBA 2K21,Sophie,BММR:667,1193-01-12
6558567993,Madden NFL 21,Chloe,IVQХ:745,1256-07-17
6176224055,Outer Wilds,Scarlett,OOВТ:982,0974-11-28
7595420669,Rocket League,Amelia,OFКC:45,1932-06-21
9069775729,Street Fighter V,Jayden,ЦUКP:75,1274-02-19
10674098718,Final Fantasy VII Remake,Sophie,VЪTP:443,0909-11-18
7377876513,Final Fantasy XV,Alex,KQMН:538,1244-08-11
9526962004,The Witcher 3: Wild Hunt,Scarlett,OЖЙС:129,1469-10-01
4945164073,Fallout 4,Natalie,ТФГS:637,1476-12-24
7394948336,Doom Eternal,Ella,OXКН:198,1203-08-11
13908237697,Pokemon Sword and Shield,Scarlett,ЪФUV:724,1549-05-28
6813215511,Titanfall 2,Stella,ИXOE:885,1937-08-08
4634195995,Outriders,Ruby,ЗYЩИ:68,1827-08-07
4846823899,The Medium,Samuel,LJCH:797,1474-10-28
11704916596,Animal Crossing: New Horizons,Isaac,ТDЫЩ:947,1299-11-11
3860965925,Titanfall 2,Nora,GТHM:346,0931-06-23
12675314341,Monster Hunter: World,Madison,ЫВОЧ:947,1138-07-23
3036195895,F1 2020,Mia,ФФEГ:853,0993-06-19
18469011353,Metal Gear Solid V: The Phantom Pain,Olivia,УФЖQ:419,1322-10-03
5491090923,Forza Horizon 4,Nora,TYZD:420,1649-01-26
2281320321,Sims 4,Jack,SLHL:37,1391-04-26
7064720239,Halo 5: Guardians,Jacob,ЪTSU:568,1147-01-08
7611823348,Dark Souls III,Nathan,OJЗU:442,1814-03-07
9482468098,Doom Eternal,Benjamin,VJЬЦ:671,1399-06-28
7355112435,Doom Eternal,Layla,ВИБФ:665,1346-05-13
9206350078,Elder Scrolls Online,Scarlett,ЛCNЩ:98,1330-04-14
3037444241,Far Cry 4,Lucy,LДJJ:282,1324-08-20
8421711746,Red Dead Redemption 2,Mila,BЮDЕ:649,1913-03-10
6864319447,Forza Horizon 4,Hannah,ЛЕUГ:849,1930-02-19
7638534843,Civilization VI,Ethan,ЦABZ:262,1884-05-08
12174104991,Assassin's Creed Odyssey,Abigail,SNKI:692,1673-11-12
11046763574,Grand Theft Auto V,Amelia,VLДS:476,0989-10-15
4437242864,F1 2020,Nathan,ЭFФD:752,2018-09-25
2857603855,NHL 21,Zoe,AAUT:84,1505-09-24
5686752021,Overwatch,Natalie,ЗГJС:392,1970-06-11
3911694454,The Medium,Ethan,ГUЪA:677,1091-01-28
3176077004,DOOM,Nathan,КYЕЩ:55,1580-05-20
9761294120,Resident Evil Village,Charlie,ТWЩР:537,1333-05-10
6655526208,Civilization VI,Noah,KСЕН:781,1929-07-16
4125623528,Elden Ring,Grace,EЬШB:814,1747-01-02
7322107705,Apex Legends,Brooklyn,UВШK:103,1208-01-03
5210412935,Outer Wilds,Emily,БЙWЗ:997,1664-06-02
11290785018,Pokemon Sword and Shield,Leah,КОQВ:89,1942-12-08
3036195895,F1 2020,Mia,ЛNКI:481,1473-04-10
7636214957,Dark Souls III,Jayden,ЙЦУЦ:291,1520-05-20
7240158760,The Outer Worlds,Riley,HZВМ:536,0965-08-04
5566501383,Diablo III,Olivia,DWАЗ:866,1280-11-21
5633983816,Spider-Man,Sophia,SVПK:370,1031-10-03
13190138895,Hellblade: Senua's Sacrifice,Gabriel,МДDX:211,1962-08-25
3671284683,No Man's Sky,Mia,FПЯЬ:261,1082-11-16
8218759311,The Division 2,William,FKOD:699,1213-04-12
4382569294,Diablo III,Mia,ЧMЯЪ:340,1029-11-11
7213406773,Halo 5: Guardians,Amelia,OKJD:332,1191-12-12
5281140359,Metro Exodus,Noah,ЗMУW:294,1788-12-18
5112302713,Metro Exodus,Aria,DGUT:54,1578-07-19
7244118334,The Outer Worlds,James,ЙОШR:576,1844-09-12
7600774658,Rainbow Six Siege,Lily,MBMЯ:720,1123-10-19
4671402852,Minecraft,Chloe,LBOE:136,1205-01-03
6486160169,Apex Legends,Gabriel,LЖYЬ:592,1086-02-06
3277474705,Far Cry 4,Lucas,GAЬЫ:459,1139-02-07
7125426069,God of War,Scarlett,MТDЭ:174,1724-12-21
9461969604,Resident Evil Village,Emily,ПЕVФ:345,1619-06-23
9749968202,Hogwarts Legacy,Benjamin,PИQP:261,1459-06-19
12169486303,Uncharted 4: A Thief's End,Avery,МLХH:311,1154-02-02
8833486363,Horizon Zero Dawn,Zoe,ХUDL:669,1169-07-09
8099556077,Kingdom Hearts III,Oliver,KТГТ:139,1723-03-04
6387723828,Overwatch,Andrew,УНЦЕ:148,1903-09-18
4013891962,Minecraft,Aubrey,РЖYУ:377,1616-11-14
1128745477,Sims 4,Zoe,MNSТ:598,0942-04-09
9006289959,Hogwarts Legacy,Elizabeth,ГУЖY:220,1395-09-26
2842104688,Dying Light,Liam,HЪЕS:299,1187-12-06
10535636867,Need for Speed: Heat,Victoria,MМГЛ:96,1072-05-09
1473135762,Dying Light,Noah,AМKЗ:986,1206-11-21
4195828068,Hitman 3,Amelia,QВЗM:780,1501-08-18
7625892491,Watch Dogs: Legion,Elijah,TАСМ:478,1848-10-03
3072856519,Far Cry 4,Emma,MGWА:865,1469-08-27
11580988835,Uncharted 4: A Thief's End,James,АЦБС:853,1812-12-26
5789851861,Overwatch,Scarlett,MEMЦ:272,1071-08-06
9786071600,Horizon Zero Dawn,Ella,ЛФЭV:971,1869-10-22
7995111426,Bioshock Infinite,Emma,FVTV:534,1597-04-14
6874677048,Final Fantasy XV,Eva,ФFБЩ:861,1299-04-17
7285713635,Street Fighter V,Mila,RRWC:899,1845-02-23
11383226697,Monster Hunter: World,Nora,ЦEМO:123,1571-06-20
8635571826,The Witcher 3: Wild Hunt,Samuel,ОЙHT:388,1249-07-21
6645417985,Halo 5: Guardians,Julian,WKHO:680,1769-08-08
4410411938,Outer Wilds,Madison,HEРУ:639,2012-08-27
7110739116,No Man's Sky,Elizabeth,ТEVЬ:88,1795-09-19
8881356792,Grand Theft Auto V,David,ГМЦМ:573,1692-10-28
6504020070,Resident Evil 3,Claire,ТЕAЬ:378,1793-11-24
8853676198,The Division 2,Madelyn,SKEЦ:301,1382-03-02
5823825591,Resident Evil 3,Madelyn,ГXVW:427,1783-09-16
7012135783,Halo 5: Guardians,Olivia,VKГZ:449,1743-05-19
5677459884,Devil May Cry 5,John,ЪBШР:335,1961-07-05
5046763809,The Outer Worlds,Zoey,ЩЭQС:223,1422-06-17
6768809859,Civilization VI,Nora,ЫWVX:630,1129-04-26
14307049963,Hellblade: Senua's Sacrifice,Evelyn,SИFЛ:890,1042-04-17
5964876991,Dark Souls III,Nora,CVТД:41,1958-04-26
8853616674,Grand Theft Auto V,Leo,ОЙYД:308,1175-11-22
5590968761,Metro Exodus,Chloe,XSГF:113,1741-09-06
3624199064,Hitman 3,Peyton,ЬXУT:825,1265-11-18
4494197389,Diablo III,James,ZNЖX:48,1031-06-25
6769984595,Mass Effect 3,Tyler,НГJD:523,1354-08-15
8393195285,Ghost of Tsushima,Peyton,ЗPЗR:81,1678-11-18
9383875748,Watch Dogs: Legion,Michael,ЙPДZ:526,1360-12-17
5253203648,Titanfall 2,Sophia,RЕQЗ:273,1920-10-15
5405287586,Battlefield V,James,RWOП:199,1158-03-22
9405957895,Watch Dogs: Legion,William,QFЩD:738,1622-06-07
1856918354,Sims 4,David,ВKПE:318,1858-10-13
7770359669,Kingdom Hearts III,Sophia,BЖBВ:184,1669-12-24
11653544591,Final Fantasy VII Remake,Henry,ЙQУL:921,0996-08-23
3990010975,NHL 21,Harper,ТЪЮД:52,1074-01-05
13271682477,Call of Duty: Modern Warfare,Benjamin,КZЦJ:567,1654-02-13
5998176805,Resident Evil 3,Nathan,ЯKTИ:785,1057-07-04
6629836696,Apex Legends,Ethan,VЮCМ:326,1216-04-07
11319477784,The Elder Scrolls V: Skyrim,Olivia,СPЕП:493,1242-05-20
6543514585,Hogwarts Legacy,Zoe,ЮNЬH:221,1645-02-14
3232786966,Far Cry 6,Zoe,MSTУ:134,1362-02-17
3924822801,Outriders,Owen,DNZN:872,1701-11-21
11236264206,Assassin's Creed Valhalla,Anna,HРIB:841,1967-05-23
7395397589,Elder Scrolls Online,Tyler,BЪБA:661,1230-05-03
15726970852,The Legend of Zelda: Breath of the Wild,James,GТКА:919,1589-07-16
5265570795,God of War,Justin,BЩXМ:158,1775-09-14
2636653775,Hitman 3,Aaliyah,LOHD:486,1631-02-04
6639955366,Halo 5: Guardians,Lucy,ЛПMЖ:699,1759-12-28
6717373869,Rocket League,Hannah,ЛЯХA:542,1216-04-16
5548252636,FIFA 21,Benjamin,OQDП:326,1093-07-23
9191468926,The Outer Worlds,Brooklyn,EЛЮТ:980,1211-07-12
4057011550,Far Cry 6,Olivia,АПLD:585,1173-09-04
13540438162,Tom Clancy's The Division,Elizabeth,WDЭY:947,1736-04-20
8873993727,Bioshock Infinite,Julian,ТZГA:179,1658-10-11
5294725889,The Medium,Harper,MIЪK:556,1170-09-11
9479797776,Grand Theft Auto V,Adeline,ЗЪИU:780,1981-09-18
8050234232,Ghost of Tsushima,Jacob,ЮИГP:394,1326-10-27
7279883646,Dark Souls III,Olivia,ТВAН:149,1580-11-18
5292669895,Control,Victoria,ЫCЬС:443,1027-11-05
10667484228,Resident Evil 7: Biohazard,Grace,ДADH:12,1139-05-23
2904548043,Dying Light,Zoey,KКOY:237,1742-12-15
10402286511,Final Fantasy VII Remake,Jayden,ЮХНЪ:650,1564-11-15
8533923673,Elder Scrolls Online,Aria,HЫJS:360,1283-09-08
5976863556,Overwatch,Avery,TCJИ:936,1615-08-07
7531563038,Street Fighter V,Joseph,ПЕOП:987,1860-02-07
5653025105,Apex Legends,Zoe,ИBМП:683,1552-04-28
5483197939,The Medium,Benjamin,ЙЗЖN:508,1693-07-04
7081732093,StarCraft II,Adeline,DJИС:983,1327-08-16
9687809635,Elder Scrolls Online,Elijah,UПFB:738,1731-09-02
4551238407,Sims 4,Natalie,QQХЕ:479,1042-03-23
7314768810,Cyberpunk 2077,Evelyn,VЦХH:926,1714-07-08
5421248517,Resident Evil 2,Mason,UУЫГ:44,1760-02-13
3573891796,Control,Alex,IУDЕ:453,0926-08-21
6687786697,Kingdom Hearts III,Lily,СGIV:252,1296-10-19
7694805918,Civilization VI,Riley,РXСW:826,1770-08-06
18479486163,The Legend of Zelda: Breath of the Wild,Alexander,ЮВДN:604,1906-07-21
9268407693,Red Dead Redemption 2,Riley,IЛGЭ:908,1450-06-05
10969657005,Star Wars Jedi: Fallen Order,Aiden,JAIЫ:287,1044-02-07
5482511305,Rocket League,Zoe,ЙYPN:545,1072-08-17
8171807260,Death Stranding,Abigail,ЛORU:800,1596-11-08
4532394421,Diablo III,John,FМXR:35,0938-07-19
8292965448,Apex Legends,Victoria,CДЭЖ:152,1267-12-25
5617373489,Minecraft,Amelia,АФHZ:665,1401-02-08
10450175679,Ghost of Tsushima,Charlotte,OАЮЖ:510,1791-09-08
6849762346,Bioshock Infinite,Zoe,CЮШТ:866,1428-09-26
9502623438,Resident Evil Village,Sophia,SЫЫЬ:245,1179-10-24
4820526735,Terraria,Riley,ЖOPD:370,1213-02-03
3028346547,FIFA 20,Aria,CMJЖ:367,1458-06-19
11087702871,Final Fantasy VII Remake,Madison,YSWJ:96,1999-08-10
5194396664,F1 2020,Scarlett,QABР:342,1175-10-23
6576438131,Doom Eternal,Chloe,JУОД:775,1594-07-14
7796178657,Elder Scrolls Online,Lucy,ВМЛM:7,0952-09-11
10765003665,Resident Evil 7: Biohazard,Tyler,WЪКJ:582,1791-12-28
12926605943,Super Smash Bros. Ultimate,Emma,CЖCХ:582,0948-07-07
13028730616,Star Wars Jedi: Fallen Order,Brooklyn,МFШТ:484,1466-10-08
4494681526,FIFA 21,Hannah,ИMОР:916,1416-09-14
11166258061,Middle-earth: Shadow of War,Benjamin,EШХЪ:445,1146-02-03
17785047352,The Legend of Zelda: Breath of the Wild,Emily,XЬEY:655,1119-08-18
5281510328,Fortnite,Andrew,SOНP:136,1315-10-05
5407645833,Control,Charlotte,KВЯЗ:192,1644-10-26
8678732425,Kingdom Hearts III,Samuel,THIC:729,2023-07-08
7554228323,Resident Evil 3,William,ГЙМЖ:127,1534-10-14
4533626107,Resident Evil 3,Aria,ЦДBК:670,1112-01-26
7794306337,Metro Exodus,Michael,ВPAР:531,1241-03-18
5645063889,Overwatch,Sadie,ЭNТN:281,1044-09-13
11356075869,Call of Duty: Modern Warfare,Jacob,HKXQ:762,1309-08-11
5530492517,Mass Effect 3,Noah,ЦKЯE:192,0950-11-11
4663041640,Borderlands 3,Abigail,ЪАOB:290,1041-11-26
15738887191,Metal Gear Solid V: The Phantom Pain,Ava,МВЬX:641,1773-12-03
6330554892,Resident Evil 3,Sophie,ZQУЗ:632,1163-09-01
11138833852,Uncharted 4: A Thief's End,Nora,ИОXА:419,1808-08-20
5031267016,NBA 2K21,Jackson,QЯZП:607,0928-02-14
7394376156,Doom Eternal,Oliver,ОXИШ:80,1124-04-22
5145249959,Fortnite,Stella,ТSIT:51,1272-04-04
6118533926,The Last of Us,Benjamin,ЧМДВ:947,1222-03-24
11838355281,Hellblade: Senua's Sacrifice,Lily,ЗБTО:630,0975-04-11
9231345635,Final Fantasy VII Remake,Zoey,YDЕX:818,1225-12-13
5786026353,Borderlands 3,Charlie,VЛХV:682,0990-11-20
7374032603,Bioshock Infinite,Daniel,WОWK:241,1421-11-26
5559494916,Outer Wilds,Ellie,НЧSЦ:800,1711-12-25
4446143068,Battlefield V,Mia,ЖЙЧП:47,1946-12-23
4979666186,Overwatch,Jack,LЖAЛ:55,1327-06-15
17506749733,Metal Gear Solid V: The Phantom Pain,Hannah,НЩГЗ:762,1838-02-13
4904701237,Borderlands 3,David,XXBЗ:131,1935-01-07
2956160958,Spider-Man,Nora,НТЮР:948,1813-10-07
8862955874,Rainbow Six Siege,Ethan,OЕHИ:123,1684-05-05
5155091359,Terraria,Aria,ДЪОH:212,1464-09-28
11777575220,The Elder Scrolls V: Skyrim,Alexander,ЙYТN:821,1491-11-10
11617464768,Assassin's Creed Odyssey,Scarlett,VCJШ:875,1365-02-12
1269560735,Sims 4,Luna,ТMKD:753,1056-05-27
5145249959,Fortnite,Stella,ШGWW:665,1495-11-21
9295459447,Horizon Zero Dawn,Sofia,МХИK:898,1201-03-26
12130516933,Hellblade: Senua's Sacrifice,Zoey,ТSFР:362,1733-10-26
5627097161,Among Us,Sophia,TХЭV:271,1060-10-18
7903540960,Watch Dogs: Legion,Nora,ЕKUH:952,1183-02-03
5956056533,Minecraft,Madison,ЯPFИ:553,1962-10-28
11652202524,Pokemon Sword and Shield,Alexander,RIЯZ:661,0958-02-16
3519650692,Fortnite,Mason,XYЕР:325,1266-08-11
5063933334,Among Us,Aubrey,ЫЯEЕ:674,1032-05-27
11375410708,Assassin's Creed Valhalla,Alex,KYUД:131,0923-10-19
13111791130,Mafia: Definitive Edition,Hannah,VКЕБ:599,1830-10-22
4619891256,Far Cry 4,Amelia,JЭЩА:674,1857-05-10
5620349941,Terraria,Amelia,ФДGJ:803,1661-03-12
7270015853,The Outer Worlds,Evelyn,ЮЬAЯ:731,1743-11-20
2899444136,FIFA 20,Mila,PЯУG:488,1630-02-22
13230677710,Animal Crossing: New Horizons,Natalie,НWRЩ:209,1949-09-22
11612729811,Call of Duty: Modern Warfare,Julia,ЬКГХ:11,1986-05-15
6657438583,Death Stranding,Samuel,OЖАЖ:20,1724-02-25
3195344879,NBA 2K21,Riley,MНSЬ:346,1353-07-11
2395846393,DOOM,Amelia,ТЦЭВ:648,1770-01-03
6484275853,Death Stranding,Eva,UЮRO:901,1630-06-20
11210817021,Resident Evil 7: Biohazard,Gabriel,GGEИ:161,1197-05-13
5151147121,Minecraft,Grace,ЕIКS:405,1134-02-10
2356077295,FIFA 20,Emma,НTЪТ:752,1189-06-16
4412678354,No Man's Sky,Lucas,QЮИВ:730,1114-04-18
5345430885,Battlefield V,Olivia,ДRSS:947,1747-04-27
11879040353,Sekiro: Shadows Die Twice,Alex,IXOE:578,1390-01-28
13165094253,Final Fantasy VII Remake,Scarlett,ЦЩPЪ:479,1452-08-12
5532932471,Rocket League,Lily,ЛЕQS:851,0952-09-07
13510816769,Hellblade: Senua's Sacrifice,Olivia,WДUЙ:896,1611-01-16
6613990672,Dark Souls III,Zoey,ВЧЕS:510,1710-12-11
9509137726,Resident Evil 7: Biohazard,Isabella,НAХK:120,1377-07-24
8371237480,Dark Souls III,Stella,НХБS:716,0940-05-01
5040665340,NHL 21,Scarlett,МСZЫ:961,1309-11-03
5668995355,Elden Ring,Emily,OМЕI:137,1691-01-14
3909793050,Dying Light,David,AЧIL:766,1962-06-10
8833486363,Horizon Zero Dawn,Zoe,ЛZЫС:42,1226-08-03
13083644964,Hellblade: Senua's Sacrifice,Emily,РЫOП:655,1636-01-19
5858592694,Minecraft,Alexander,ШБUJ:220,1026-10-08
10217234228,Watch Dogs: Legion,Victoria,NШSZ:375,1390-05-05
2483030680,FIFA 20,Anna,ОЙYF:759,0911-12-25
12602638456,Animal Crossing: New Horizons,Olivia,ЩZBП:77,1132-03-18
13738737055,Crash Bandicoot 4: It's About Time,Charlie,ИШЕA:21,0977-01-06
10322836665,Uncharted 4: A Thief's End,Owen,БДMN:728,1954-12-27
12099532856,Tom Clancy's The Division,Charlotte,DКЮG:506,1425-05-26
7663077862,The Outer Worlds,Hannah,QЩMA:982,1607-04-09
1704639949,DOOM,Zoe,GФЦP:968,1146-07-14
3391700869,Far Cry 4,Mila,ТOЛN:538,1868-08-23
3429140771,Far Cry 5,Madelyn,ЫСPХ:140,1368-10-07
7638534843,Civilization VI,Ethan,ШЫНМ:677,1509-01-19
10060020075,Resident Evil 2,Charlotte,ЫEУЦ:729,1622-09-01
5026534484,Terraria,Zoe,UJЗИ:255,1608-03-21
6946755142,Cyberpunk 2077,Avery,ЫWВА:169,0914-03-21
6823228371,The Division 2,Riley,ЙZNZ:938,1400-03-10
3672699625,Gears 5,Abigail,МREР:757,1241-05-19
7678416586,Street Fighter V,Scarlett,ГЭЕA:751,1884-11-14
13043096146,Mafia: Definitive Edition,Harper,MЧUЛ:938,1346-10-24
13862145216,Wolfenstein II: The New Colossus,Olivia,BCEЬ:969,1839-03-01
3444595075,Overwatch,Zoe,CKЬИ:14,1371-08-17
3697590835,Control,Ethan,FXFЪ:800,1214-10-08
9010064123,The Division 2,Peyton,GЖЭТ:21,1957-03-09
7564679213,Death Stranding,Sophia,ЖКЧЦ:26,0901-05-22
2966840722,Hitman 3,Emma,ЕYЩШ:659,1100-05-09
8412333610,Devil May Cry 5,Benjamin,КWSЖ:948,1903-10-13
7625892491,Watch Dogs: Legion,Elijah,YВYЩ:953,1060-04-08
4111146172,Control,Chloe,HGОD:646,1277-12-23
4878844694,The Medium,Owen,EEПР:264,1951-05-17
2345337483,Dying Light,Alex,ОVAA:249,1457-01-07
5305080920,StarCraft II,Sophie,FЧМБ:775,1482-07-21
10030791060,Middle-earth: Shadow of War,Samuel,IDRF:971,1465-02-13
4984265483,Street Fighter V,Ava,АБSJ:277,1936-04-03
3276648108,Outer Wilds,Lucy,ПVЭО:261,1715-04-04
6474963815,Devil May Cry 5,Chloe,ХЛMЖ:247,1910-08-26
5247489125,Elden Ring,Gabriel,ЫDLУ:555,1971-11-07
6993342366,Spider-Man,Victoria,АЙЕТ:474,1571-06-14
2692005030,Sims 4,Lily,ОЩАИ:804,1131-08-07
6674724217,Mass Effect 3,Adeline,FXKZ:324,1323-08-23
10745063350,The Elder Scrolls V: Skyrim,Sophia,NЭAN:672,0988-08-20
2874169497,Fortnite,Leo,RNPQ:790,1320-08-11
4018385730,Hitman 3,Andrew,EФЧD:666,1044-11-28
9909274282,Horizon Zero Dawn,Benjamin,ЬLCС:820,1473-09-23
13293787026,Assassin's Creed Valhalla,Samuel,NЩQД:470,1868-06-28
8830299233,Dark Souls III,Victoria,ЛSНF:976,1969-08-19
9439712036,Devil May Cry 5,Eleanor,ОГLC:537,1321-04-28
4294572493,Borderlands 3,Jack,QЭЕJ:290,1929-05-09
3360178437,Spider-Man,Zoe,NDТR:205,1798-12-26
5815750294,No Man's Sky,Hannah,ZHDB:261,1576-12-16
5194396664,F1 2020,Scarlett,МPQЦ:677,1965-10-08
6878602315,Fortnite,Elizabeth,VNЛФ:217,1593-07-12
4348214030,Far Cry 6,Grace,GFOБ:469,1391-02-04
9520857374,Rainbow Six Siege,Amelia,MVNК:518,1413-08-21
9412341837,Elder Scrolls Online,Madelyn,ЖZУY:427,1918-10-01
8797804848,Kingdom Hearts III,Zoey,MVXШ:504,1334-06-08
13947359590,Wolfenstein II: The New Colossus,Evelyn,ГФИM:19,1974-10-21
5612683047,Starfield,Henry,MHЕЩ:673,1711-11-27
8431654619,Rainbow Six Siege,Michael,ЩLBM:997,1292-04-03
3809930342,Ghostrunner,Zoe,EXLА:354,1680-06-02
8671593027,Hogwarts Legacy,Aiden,ЛYOВ:349,0993-05-06
4828009910,FIFA 21,Ethan,FЙYK:676,0974-10-14
7136411854,The Division 2,Aria,OСDФ:671,1967-02-06
8635571826,The Witcher 3: Wild Hunt,Samuel,ЩНЪA:250,1933-08-12
5556908517,Resident Evil 2,Jack,ФTDИ:691,1497-09-24
9191369330,Mortal Kombat 11,Elizabeth,ЙЪFУ:85,1348-08-21
9236856542,Tom Clancy's The Division,Eva,IЧОY:643,1192-11-27
10836605016,Red Dead Redemption 2,Elizabeth,ЫFЙK:421,1185-01-25
3588738369,God of War,Liam,BNYC:719,1453-07-25
7400731651,Luigi's Mansion 3,Logan,VGНЬ:874,1814-01-12
5815813249,Far Cry 6,Evelyn,БГНL:200,1182-03-13
7317629022,Ghost of Tsushima,Nora,WСRA:380,1899-11-18
6087180386,Outriders,Penelope,ZAДY:298,0912-11-08
4745042700,Dying Light,Gabriel,ЛЧЮE:798,1734-12-26
2134985501,F1 2020,Owen,ЖUJB:433,1193-08-09
4591921860,Madden NFL 21,Mia,ПVEЬ:603,1931-10-12
5456485035,Overwatch,Henry,ЧAKН:672,1196-03-02
5370633877,Among Us,Samuel,ХВYУ:214,1398-11-16
5274115510,FIFA 20,Daniel,ЬDЫЬ:895,1792-10-10
6108385132,Spider-Man,Scarlett,AТПЮ:841,1113-07-09
9509137726,Resident Evil 7: Biohazard,Isabella,IМЦЛ:908,1136-12-02
5852058784,Resident Evil 2,Liam,TUВЭ:664,1493-01-18
4261567378,Minecraft,Zoe,KЫОЩ:500,1795-10-09
4764153528,Far Cry 5,Hannah,ГYYЪ:818,1800-10-27
3164798263,NHL 21,Isaac,NAБJ:693,1964-04-03
3230734423,God of War,Gia,UЗПВ:975,0940-09-17
5466601673,Cyberpunk 2077,Mia,ИПРJ:846,1038-03-07
10404217077,The Elder Scrolls V: Skyrim,Lucas,GЮXV:853,1155-02-09
4824435361,Outriders,Amelia,ШВHB:952,1253-05-09
5168221871,Spider-Man,Lucas,ВJТU:434,1535-04-19
8976684261,Forza Horizon 4,Scarlett,CVЗЭ:266,1683-01-03
4768312770,Outriders,Elizabeth,XУAX:702,1613-04-17
1922615267,Hitman 3,Chloe,LКLД:654,1433-01-12
11629734175,Pokemon Sword and Shield,Michael,MVЭM:839,1683-09-15
4261567378,Minecraft,Zoe,ЧЖSF:835,1345-04-25
6967576615,Resident Evil 2,Sadie,ОHYН:694,1619-11-22
9010064123,The Division 2,Peyton,ЩЧЖД:246,1359-09-10
6213358418,The Last of Us,Elijah,ТCYU:515,0912-03-13
3890396817,Destiny 2,Emma,ВЛПS:781,1137-02-03
8297002709,Resident Evil 7: Biohazard,Emma,UVEЪ:628,1126-07-20
4065224010,Minecraft,Nora,YWLЭ:517,1653-03-24
3385758721,Outer Wilds,Eva,JGХN:300,1139-08-16
7104585785,Resident Evil 2,Jackson,LРЫR:850,1617-02-20
10914863057,Assassin's Creed Odyssey,Claire,РYXE:779,1007-02-16
11722205780,Tom Clancy's The Division,Samuel,MJKЦ:60,0941-06-24
4467672948,The Last of Us,Mila,ZFPV:787,1315-11-05
8162231895,Mortal Kombat 11,Samuel,IFТЕ:337,1268-08-03
5933110520,StarCraft II,Lily,MZFК:94,1951-12-11
4321375014,The Last of Us,Emily,CNЮЮ:382,1542-01-16
7382008415,Death Stranding,Daniel,XKOХ:799,1255-07-07
4158766738,FIFA 20,Harper,CBБX:256,2018-02-23
6402363418,StarCraft II,Benjamin,WIDА:882,1343-07-27
4681416979,FIFA 21,Joseph,AMЦS:952,1751-04-22
7349814344,Mortal Kombat 11,Emily,УZВМ:573,1459-07-14
4369859103,Starfield,Riley,TXАS:572,1448-10-11
8481398635,Grand Theft Auto V,Jacob,УHОF:387,1916-09-02
9333135446,Kingdom Hearts III,Madelyn,ЮTАЭ:746,1633-05-13
5593797043,Outer Wilds,Hannah,NNДЖ:236,1658-08-14
13630274546,Crash Bandicoot 4: It's About Time,Amelia,СШЧH:305,1537-01-26
5294725889,The Medium,Harper,ЮTБС:815,1548-01-01
